2001270199,serve;do #wash V
1107697100,sandwich;thing;food #hamburger N
1007873807,dish;thing;food #pizza N
1005737153,evaluation;thing #score N
1003614007,device;thing #keyboard N
1014915622,ice;thing #frost N
1003880531,cooking_utensil;thing #pan N
3002406908,adj #nervous J
1011501381,precipitation;thing #rainfall N
3002541302,adj;feelings #sick J
1002317335,echinoderm;thing;living_thing #starfish N
1007734017,solanaceous_vegetable;thing;food #tomato N
2101121719,attack;do #charge V
1010432441,wayfarer;thing #pilgrim N
1010655594,attendant;thing;living_thing;person #flight_attendant N
1009078231,american_state;thing #Hawaii N
1003686130,floor;thing;place #attic N
1003329663,boat;thing #ferry N
1002854926,top;thing #blouse N
4000024893,how #either A
1004391569,strip;thing #tape N
3002070188,adj #another J
1105581693,horny_structure;thing #nail N
2002122164,cause;be;feelings #hurt V
4000110533,how #indoors A
1008649345,region;thing #side N
2001966861,jump;occur #hop V
1004018667,toilet;thing #restroom N
2001201089,grate;do #chew V
2001976841,move;be #drop V
1012371439,vine;thing #kiwi N
1008798771,mandate;thing;place #Palestine N
1009482916,river;thing;place #Yukon N
1002694662,clock;thing #alarm N
1010103485,traveler;thing #foreigner N
1004183516,cleansing_agent;thing #shampoo N
1011519450,cyclone;thing #tornado N
1004306080,facility;thing;place #station N
1010694258,educator;thing;living_thing;person #teacher N
3002202307,adj #third J
1013104059,woody_plant;thing;living_thing #tree N
2002148788,demonstrate;do #show V
1007863374,dish;thing #pasta N
1005602835,feature;thing #cheek N
1013661273,monetary_unit;thing #dollar N
1015089258,nutriment;thing #vitamins N
3001919931,adj #noisy J
2001471043,seize;do #kidnap V
1004099969,chair;thing #rocking_chair N
1006966825,romance;abstract_thing #spanish N
1011690455,floral_leaf;thing #petal N
1004389033,military_vehicle;thing #tank N
1002872752,footwear;thing #boots N
1003597469,adornment;thing #jewelry N
1008679972,abstract_thing #way N
1014936010,hydroxide;thing #lime N
1005289297,contractile_organ;thing #muscles N
1009275473,continent;thing;place #Europe N
1007710616,root_vegetable;thing;food #potato N
1005578442,gliding_joint;thing #ankle N
1005584486,nail;thing #toenail N
1005254795,body_covering;thing #hair N
1005799212,experiment;thing #trial N
1009208702,minor_planet;thing #asteroid N
3002494092,adj #downstairs J
1008825664,district;thing;place #Nunavut N
1003580615,abstract_thing #internet N
1007669891,cut_of_pork;thing #ham N
3000375969,adj #green J
3001054922,adj #sour J
1002581957,percoid_fish;thing;living_thing #dolphin N
2001137138,hit;do #shoot V
1003261776,electro-acoustic_transducer;thing #headphone N
1004190052,support;thing #shelf N
1003775071,glove;thing;object #mittens N
3000372111,adj #brown J
1002822220,bedclothes;thing #spread N
1005552607,body_part;thing #chest N
3001729566,adj #quondam J
3002306874,adj #salty J
1010249950,professional;thing;living_thing;person #lawyer N
1008723006,asian_country;thing #China N
1002992211,musical_instrument;thing #cello N
1002758134,area;thing;place #auditorium N
1110435988,thrower;thing #pitcher N
1012937678,root;thing;food #carrot N
1005690269,hindrance;thing #obstruction N
1008511241,side;abstract_thing #bottom N
1008755436,country;thing #Barbados N
2000004819,act_involuntarily;occur #sneeze V
3000292937,adj #busy J
2001904930,go;do #walk V
1015196537,season;thing #yule N
1015019030,soil;thing #sand N
3001794340,adj #fancy J
2001632897,send;do #contrive V
1011852148,prickly_pear;thing #tuna N
1002726305,housing;thing #flat N
1000028651,attribute;thing #space N
1004057047,edge_tool;thing #razor N
1007834507,dressing;thing #mayonnaise N
1015164354,weekday;thing #thursday N
1003925226,picture;thing #photo N
1010541229,person;thing #ruler N
1013275847,outgo;thing #cost N
1009084750,american_state;thing #Indiana N
1003512147,heavier-than-air_craft;thing #helicopter N
1010763383,dining-room_attendant;thing;living_thing;person #waiter N
2000855295,tease;do #kid V
1011439690,physical_phenomenon;thing #cloud N
1004255034,receptacle;thing #socket N
1003824381,lingerie;thing #nightdress N
1007767847,edible_fruit;thing;food #pear N
1012641796,wood;thing;food #cherry N
3002550333,adj #rainy J
3002068476,adj #same J
1008816969,geographical_area;thing;place #Serbia N
1007679356,baked_goods;thing;food #bread N
1009538915,spiritual_being;thing #angel N
2000074834,discharge;be #bleed V
1004459362,piece_of_cloth;thing;object #towel N
2000218475,change;do #dry V
1013873502,ellipse;thing #circle N
1007675627,meat;thing;food #sausages N
1007632802,cake;thing;food #wedding_cake N
2000647094,decide;do #measure V
1104051549,inclined_plane;thing #ramp N
1002930766,car;thing;vehicle #taxi N
1003135532,structure;thing #cross N
1107273136,label;thing #tag N
3000079629,adj;feelings;appearance #scared J
1008888676,european_country;thing #Ireland N
1007927512,soft_drink;thing;beverage;liquid #soda N
2000031820,express_joy;do #laugh V
1012102133,gramineous_plant;thing #grass N
4000138611,how #probably A
1013711060,pressure_unit;thing #atmosphere N
1007858978,sweetening;thing #honey N
1007942152,group;thing #people N
1005262185,hair;thing #moustache N
1014959939,plant_fiber;thing #straw N
1009053185,american_state;thing #Alabama N
1011683556,hull;concrete_thing #shell N
2001288201,fetter;do #handcuff V
1015010703,compound;thing #salt N
1004194289,vessel;thing #ship N
1008972521,country;thing #New_Zealand N
1003623556,edge_tool;thing;object;cutlery #knife N
1009718217,asian;person #japanese N
1007221094,message;thing #tale N
1008286163,body;thing #university N
1015163979,weekday;thing #monday N
1006492939,bill;thing #menu N
1002691156,heavier-than-air_craft;thing #airplane N
1014447908,wellbeing;thing #health N
1003531281,headdress;thing #hood N
1009575548,titan;thing #atlas N
1000622266,struggle;thing #wrestling N
1003793489,electronic_device;thing;object #mouse N
1004726724,quality;thing #nature N
1012159804,marrow;thing;food #zucchini N
3001531957,adj #medium J
1002881193,vessel;thing #bowl N
3000888765,adj #jealous J
1013390139,coin;thing #nickel N
3001452593,adj #loud J
2002194286,have_taste;be #taste V
1010862281,educator;thing #braille N
1002958343,motor_vehicle;thing;vehicle #car N
1009989502,performer;thing;living_thing;person #dancer N
1004023249,tool;thing #puncher N
1103148324,storage_space;thing #cupboard N
1002935891,restaurant;thing;place;organization #cafeteria N
1008910668,asian_country;thing #Iran N
1000480993,court_game;thing;games #basketball N
1003467984,weapon;thing #gun N
1007224151,informing;thing #warning N
1002852523,artifact;thing;object #blocks N
4000021878,how #sometimes A
4000025290,how #anywhere A
1002928608,fastener;thing #button N
1006000644,science;thing #mathematics N
1002979836,bandage;thing #cast N
1108664443,point;thing #spot N
1012164656,sweet_melon;thing;food #cantaloupe N
1007452074,ceremony;thing #wedding N
1003537085,noisemaker;thing #horn N
1004251983,figure;thing #snowman N
2002050132,cross;do #pass V
1003015254,cabinet;concrete_thing #dresser N
1010352299,person;thing #neighbour N
1013913566,solid;thing #stamp N
1005907682,scheme;thing #plot N
3000153898,adj #ashamed J
1004223580,plumbing_fixture;thing #sink N
1003990474,cooking_utensil;thing #pot N
1009043052,african_country;thing #Uganda N
1009475292,body_of_water;thing #waterfall N
1003728437,lighter;thing #matches N
1007668702,meat;thing #pork N
4000387666,how #left A
2000955148,convey;do #mean V
1003972524,pouch;thing #pocket N
1009376198,body_of_water;thing #ocean N
4000149510,how #really A
1013984944,shade;thing #shadow N
2002551144,save;do #rescue V
1011524662,atmospheric_phenomenon;thing #weather N
1009937489,reactionary;thing #blimp N
1002481823,great_ape;thing;living_thing #chimpanzee N
1010148035,participant;thing #groom N
2001393339,absorb;do #mop V
2002119874,rub;do #scratch V
4000161630,how #tardily A
3002385102,adj;appearance #tall J
1008437515,vegetation;thing #thicket N
3002460502,adj #true J
1010780632,woman;thing;living_thing;person #wife N
2000644583,examine;do #study V
1003074855,device;thing;object #comb N
1007828987,condiment;thing #vinegar N
1004202417,institution;place #store N
1103137228,path;thing #crossover N
1015199033,jewish_holy_day;thing #hannukah N
1002892767,undergarment;thing #brassiere N
1109466280,thing #world N
2002020590,arrive;do #reach V
1006648724,evidence;thing #statement N
1000021265,substance;thing;food #food N
3000281657,adj;appearance #shiny J
3000303727,adj #stormy J
3000385756,adj #yellow J
3001766133,adj;feelings #confused J
1001041968,worship;thing #supplication N
1004555897,timepiece;thing #watch N
1010443032,craftsman;thing;living_thing #plumber N
1006422740,handbook;thing #guide N
1009113901,town;thing;place #New_Brunswick N
1003733281,system;thing #maze N
2002321757,filch;do #steal V
2001951480,direct;do #send V
3001816376,adj #favorite J
3002269794,quantity #every J
1005715283,sensation;thing #taste N
1007832902,sauce;thing #dressing N
1009095023,american_state;thing #Massachusetts N
1010707804,criminal;thing;living_thing;person #thief N
1011525955,weather;thing #wind N
4000158309,how #precisely A
1015201116,legal_holiday;thing #thanksgiving N
1006749881,prediction;thing #prognosis N
2001545649,be #kneel V
1009448361,body_of_water;thing;place #stream N
1014844693,earth;thing #soil N
4000048138,how #finally A
1009358358,satellite;thing;place #moon N
1012020507,flower;thing #marigold N
2001329239,fasten;do #stitch V
4000015953,how #severely A
1002800213,baseball_equipment;thing #mitt N
1005121418,abstract_thing #number N
1013112664,woody_plant;thing #bush N
1003610524,outbuilding;thing;place #kennel N
1007007945,information #play N
1003438257,container;thing #glass N
1009567767,greek_deity;thing #nike N
1013882961,parallelogram;thing #rhombus N
4000144722,how #surely A
1006818121,mark;thing #pointer N
1005259914,braid;thing #pigtails N
1005577410,digit;thing #toes N
1007309599,abstract_thing #time N
1002219486,hymenopterous_insect;thing;living_thing #ant N
1109334396,area;place #land N
3000116744,adj #bitter J
1007891726,alcohol;thing #wine N
1003032252,theater;thing #cinema N
1002906734,cleaning_implement;thing #broom N
3000596511,adj #straight J
1003479952,corridor;thing #hallway N
1003038685,room;thing;place #classroom N
3001930512,adj;appearance #ready J
1009105821,american_state;thing #Missouri N
1007699584,pasta;thing;food #noodles N
4000025728,how #everywhere A
3000085630,adj;feelings #excited J
1008401248,division;thing #subdivision N
1004099429,vehicle;thing #rocket N
1009112282,american_state;thing #New_Jersey N
1104105893,area;thing #room N
3002064745,adj;appearance #different J
1005714466,smell;thing #perfume N
1006282651,communication;thing #language N
1013152742,plant_organ;thing #leafage N
1014548343,unfitness;thing #impairment N
1004272054,optical_instrument;thing #glasses N
1003057021,overgarment;thing #coat N
1007859583,sweetening;thing #sirup N
2001573515,separate;occur #tear V
1007003119,artwork;thing #drawing N
4000244043,how #northwards A
2001262936,strip;do #peel V
2000326773,cook;occur #grill V
1002848216,cutting_implement;thing #blade N
1000455599,activity;thing;games #game N
1009907196,head_of_state;thing #prime_minister N
1002374451,equine;thing;living_thing #horse N
2001994442,travel;do #withdraw V
1013883346,parallelogram;thing #rectangle N
1008766988,european_country;thing #Germany N
1104235291,vehicle;thing #sleigh N
2001850315,do #move V
1006275095,telegram;thing #cablegram N
1003807537,table_linen;thing #serviette N
1003110669,brass;thing #trumpet N
1009876454,male_sibling;thing;living_thing;person #brother N
4000040365,how #again A
1002125311,wildcat;thing #puma N
1000429949,diversion;thing #fun N
1010280674,performer;thing;living_thing #magician N
1008953324,european_country;thing #Iceland N
1014580897,substance;thing #stuff N
1005238282,connective_tissue;thing #skin N
1010470779,clergyman;thing;living_thing #priest N
1009353109,extraterrestrial_object;thing #meteor N
1004952944,brightness;thing #sparkle N
1002484322,primate;thing;living_thing #monkey N
1009963574,cook;thing #chef N
1002946921,container;thing #tin N
1003788195,place_of_worship;thing #mosque N
2000140751,change;occur #switch_over V
1001699831,archosaur;thing;living_thing #dinosaur N
3000781644,adj #blurry J
2002641035,hesitate;be #pause V
1015211189,gregorian_calendar_month;thing #april N
1013744722,digit;thing #6 N
1003604156,record_player;thing #nickelodeon N
2000014742,rest;occur #sleep V
1006413889,book;thing;object;reading_thing #folder N
1003191029,cube;thing #die N
1004070727,white_goods;thing #refrigerator N
4000323786,how #east A
1004549629,rod;thing #wand N
2001215137,seize;do #pick_up V
1003690938,toiletry;thing #lotion N
1009328904,body_of_water;thing;place #lake N
1002404186,cattle;thing #beef N
1008705397,african_country;thing #Algeria N
1009229709,globule;thing #bubbles N
1009480556,river;thing;place #Wisconsin N
1003975926,fire_iron;thing #salamander N
1006333653,language_unit;thing;communication #name N
2000697589,choose;do #decide V
1009165613,african_country;thing #Zambia N
1006613686,show;thing #movie N
1011878283,crucifer;thing #mustard N
1104344246,workplace;thing #studio N
1004154565,hand_tool;thing #screwdriver N
1010783646,worker;thing #wiper N
1012246232,shrub;thing;food #blueberry N
1102774152,container;thing #purse N
2000897241,greet;do #recognize V
1009082540,american_state;thing #Illinois N
1003380724,stool;thing #footrest N
1009470550,crack;thing #volcano N
1003609235,canoe;thing #kayak N
1013968092,action #employment N
2002324026,take;do #borrow V
1015210045,gregorian_calendar_month;thing #january N
1009470762,terrestrial_planet;thing;place #Venus N
1015211484,gregorian_calendar_month;thing #may N
3000370869,adj #blue J
1003167666,platform;thing #deck N
1004387400,drum;thing #tambourine N
1000283568,action #walk N
1005563266,vertebrate_foot;thing #foot N
1001613294,bird_of_prey;thing;living_thing #eagle N
1000432689,pastime;thing #sideline N
1007527352,emotion;thing #joyfulness N
1010129825,woman;living_thing;person #girl N
4000243938,how #south A
1008226699,community;thing;place #village N
1008967484,country;thing #Mauritius N
1003467517,musical_instrument;thing #guitar N
2000616498,neglect;do #skip_over V
1013163991,branch;thing #twig N
1007575076,meal;thing;food #lunch N
1003017428,flue;thing #chimney N
3001807964,adj;appearance #delicious J
1103128248,writing_implement;thing #crayon N
1004295881,structure;thing #stadium N
1004096066,way;thing #route N
1003405725,furnishing;thing;object #furniture N
3000781974,adj #cloudy J
1004556204,band;thing;object #bracelet N
1013878306,conic_section;thing #oval N
1012454159,liliaceous_plant;thing #tulip N
1015121406,past;thing #history N
2000784342,ask;do #inquire V
2000676450,choose;do #pick V
1007686873,bread;thing;food #toast N
1008613593,region;thing #outside N
2001921964,go_up;do #climb V
3001030022,adj #curly J
1009133010,american_state;thing #Oregon N
3000113818,adj;feelings #angry J
3000123485,adj #later J
1000624738,effort;thing #exercise N
1004100620,radiogram;thing #x-ray N
1003141823,staff;thing #crutch N
1009044714,city;thing;place #Dubai N
1005599617,feature;thing #chin N
4000069901,how #loudly A
1003589791,coat;thing #jacket N
1014992945,covering_material;thing #puddle N
1003003091,writing_implement;thing #chalk N
1004038727,framework;thing #rack N
1014444326,market;thing #monopoly N
1015156187,time #yesterday N
2101345109,close;do #close V
1013911872,disk;thing #point N
2000345761,begin;do #start_out V
1007707451,produce;thing;food #vegetable N
1004426788,cord;thing #thread N
1010770059,guard;thing;living_thing;person #security_guard N
1004469514,gymnastic_apparatus;thing #trampoline N
1001811909,columbiform_bird;thing;living_thing #pigeon N
1003472112,athletic_facility;thing #gym N
3001275562,adj;appearance #important J
2002573275,steal;do #rip_off V
2000005815,expectorate;occur #cough V
1007573696,nutriment;thing #repast N
1006277135,broadcasting;thing #wireless N
1003721384,musical_instrument;thing #xylophone N
1004256891,ball;thing #softball N
2001849221,move;do #come V
1011835568,vegetable;thing;food #spinach N
2001826723,be #hope V
1006341340,title;thing #mr N
3000339941,adj;feelings #shy J
1007643981,dainty;thing;food #jelly N
1010437262,thief;thing #plagiarist N
1002924116,public_transport;thing #omnibus N
1008900535,asian_country;thing #India N
1004148054,edge_tool;thing #scissors N
1010142747,grandparent;thing;person;living_thing #grandma N
1003442756,game_equipment;thing #goal N
2000324560,cook;do #roast V
1007574602,meal;thing #breakfast N
1009452395,wetland;thing;place #swamp N
2000853633,say;do #joke V
1007609840,course;thing #sweet N
1002807731,room;thing;place #bathroom N
1009424642,jovian_planet;thing;place #Saturn N
1007700964,pasta;thing #macaroni N
3000529657,adj;appearance #calm J
1011842204,succulent;thing #cactus N
1009198106,continent;thing;place #Antarctica N
1006784639,problem;thing #puzzles N
1010034906,operator;thing;living_thing;person #driver N
1005558717,organ #back N
1009812338,creator;thing;living_thing #artist N
1004497962,passageway;thing #tunnel N
1002887079,dental_appliance;thing #braces N
1013744916,digit;thing #7 N
1012158443,squash;thing #pumpkin N
1000949619,application;thing #technology N
2001309701,remove;do #dig V
1007859284,sweetening;thing #sugar N
1009436708,atmosphere;thing #sky N
1003964744,artifact;thing #toy N
3000749230,adj #easy J
1007303335,fire;thing #bonfire N
4000074641,how #frontward A
1008822202,canadian_province;thing;place #Alberta N
2002210855,do #get V
1102729965,device;thing #gadget N
1013265011,acquisition;thing #gift N
2002207206,acquire;do #buy V
1013882276,polygon;thing #hexagon N
1006929742,sinitic;abstract_thing #chinese N
2000892315,express_gratitude;do #thank V
1009067277,american_state;thing #Colorado N
4000107416,how #recently A
2000641672,calculate;do #multiply V
1007575984,meal;thing #supper N
1008308497,meeting;thing #conference N
1002761392,mechanism;thing #robot N
1008849753,european_country;thing #Belgium N
1007745940,berry;thing;food #strawberry N
1007713895,cruciferous_vegetable;thing #cabbage N
2002657219,equal;occur #tally V
2001439190,seize;do #catch V
1008831004,country;thing #Australia N
1004548362,case;thing #wallet N
3000278551,adj;appearance #bright J
1002730930,protective_garment;thing #apron N
1013001041,agaric;thing #mushroom N
1005269901,connective_tissue;thing #bone N
1006279326,electronic_communication;thing #email N
1015235126,time_unit;thing #second N
1012274863,scrub_oak;thing #blackjack N
2100126264,change;do #modify V
1009882007,businessperson;thing;living_thing #businessman N
2001963942,skip;do #jump V
1002887209,support;thing #brace N
3001258264,adj #wintry J
2000319886,cook;do #bake V
4000033922,how #soon A
1008894456,principality;thing;place #Wales N
3002276752,adj #fizzy J
1007712559,snack_food;thing #crisp N
1014956325,soil;thing #mud N
1007751004,edible_fruit;thing;food #peach N
1009092497,american_state;thing #maine N
1003773035,functional_thing #mirror N
3001148283,adj;feelings #happy J
1005564590,extremity;thing #hand N
4100004722,how #simply A
1015164463,weekday;thing #friday N
1008761244,scandinavian_country;thing #Denmark N
2002078453,mark;do #track V
1002206856,hymenopterous_insect;thing #bee N
1003179701,table;thing #desk N
1002785648,dressing;thing;object #bandage N
1008792548,country;thing #Israel N
1107922764,beverage;thing #cocoa N
1002534734,salmonid;thing #salmon N
1007842753,dish;thing #omelette N
1105833840,idea;abstract_thing #thought N
1003642806,portable_computer;thing #laptop N
1010698970,banker;thing #teller N
1000029378,psychological_feature;thing #event N
1000606370,occupation;thing #trade N
1003912496,government_building;thing #pentagon N
2001803380,annoy;do #tease V
1000582388,activity;thing #line N
2001424456,embrace;do #hug V
1003221720,movable_barrier;thing;object #door N
1000471613,ball_game;thing;games #baseball N
1015211806,gregorian_calendar_month;thing #june N
1007636384,cookie;thing #snap N
1010257948,professional;thing;living_thing;person #librarian N
2000856824,evaluate;do #praise V
2001378556,do #distribute V
1003745146,facility;thing;place #zoo N
1005548840,body_part;thing #shoulder N
1007874995,porridge;thing #oatmeal N
1002827883,loop;thing #belt N
1010481268,engineer;thing;living_thing;person #programmer N
1013747199,large_integer;thing #13 N
1010502329,spiritual_leader;thing #rabbi N
3000981304,adj #lazy J
1003380867,covering;thing #footwear N
2001258091,cut;do #chop V
1001792042,chicken;thing;food #chick N
1008913434,asian_country;thing #Iraq N
2000729378,inquire;be #wonder V
1002870880,furniture;thing #bookcase N
1008829775,canadian_province;thing;place #Saskatchewan N
2002530167,attempt;do #try V
1004493505,conduit;thing #tubing N
2001892104,slam_to;occur #spring V
1007649854,food;thing #meat N
2001930874,operate;do #drive V
1109416076,natural_object;thing #stone N
1005567217,finger;thing #thumb N
1003619890,room;place #kitchen N
3001126291,adj;appearance #awful J
1010654932,parent;thing #stepparent N
1015203791,time_period #year N
4000019339,how #ever A
1004284002,cutlery;thing #spoon N
1005301072,concrete_thing #tongue N
1010615179,hypocrite;thing #smoothy N
1003303965,opening;thing #exit N
2001912159,pass;occur #traverse V
2000035259,bathe;occur #shower V
1012267677,fruit;thing #acorn N
1009055015,american_state;thing #Alaska N
2000484166,end;do #finish V
1014702875,cement;thing #mucilage N
1007681926,bread;thing;food #crackers N
3000990192,adj #weedy J
4000031304,how #still A
2002127853,miss;do #lose V
1008078020,unit;thing #family N
1007921455,beverage;thing #cyder N
2000182406,join;do #add V
3001123148,adj;appearance #good J
1003211616,display;thing;object #board N
3002368336,adj #sweet J
2001456771,grip;do #pinch V
1015195928,movable_feast;thing #passover N
1008720481,south_american_country;thing #Chile N
1006780678,wit;thing #cartoon N
1007693725,bun;thing;food #bagel N
1004446276,room;thing #toilet N
1004371774,mechanical_device;thing #swing N
1003906997,writing_implement;thing #pen N
1000478262,football;thing #soccer N
1008188638,chorus;thing #choir N
1003542333,restaurant;thing;place;organization # hotel N
3000330506,adj #center J
1008997801,national_capital;thing;place #Singapore N
1004956594,visual_property;thing #colour N
1009332770,lake;thing #Ontario N
2001621555,do #make V
1003207941,white_goods;thing #dish_washer N
1006964901,romance;abstract_thing #french N
1003505207,cushion;thing #headrest N
4000027795,how #yet A
1014540765,condition;thing #danger N
1015188154,movable_feast;thing #easter N
1009883362,driver;thing;living_thing;person #bus_driver N
1005919263,intuition;thing #heart N
2002485844,go_out;do #date V
4000074095,how #ago A
1008552138,region;thing;place #district N
1008806458,city;thing #bologna N
1009818022,traveler;thing;living_thing;person #astronaut N
1005538625,external_body_part;thing #head N
3000243606,adj #blond J
1008984788,european_country;thing #Portugal N
1006272803,action #call N
1009316454,land;thing #island N
3001361863,adj;feelings #sad J
1014947807,rock;thing #marble N
1015212739,gregorian_calendar_month;thing #september N
1015210486,gregorian_calendar_month;thing #february N
3000444519,adj #near J
1010271216,watchman;thing #spotter N
1007583197,dish;thing #soup N
2000037298,groom;do #shave V
1015168790,hour;thing #sunrise N
1012433081,bulb;thing;food #onion N
1003629986,workplace;thing #laboratory N
1007020538,art;thing #dance N
2000044149,dress;do #prink V
2002204692,be #possess V
2000028565,do #smile V
1008523483,area;thing #middle N
1110599806,musician;thing #vocalist N
2000364064,end;do #interrupt V
1002801938,container;thing #basket N
1001037819,sacrament;thing #baptism N
1007850329,dairy_product;thing;food #cheese N
1002324045,leporid;thing;living_thing #rabbit N
1013777344,indefinite_quantity;thing #supply N
1004473432,facility;thing #transportation N
1005898171,apparition;thing #wraith N
1004208936,plumbing_fixture;thing #shower N
1009871364,man;thing;living_thing;person #boyfriend N
1011753700,clover;thing #shamrock N
1003028079,place_of_worship;thing #church N
1005602548,feature;thing #forehead N
1002810471,electrical_device;thing;object #battery N
1000697365,medical_care;thing #shot N
3000967129,adj;appearance #strange J
3000744916,adj #hard J
1002954340,headdress;thing #cap N
2000358431,change_state;occur #die V
1104134339,plaything;thing #sandbox N
3001037540,adj #foreign J
1008965251,country;thing #Maldives N
1009093608,american_state;thing #Maryland N
1003648219,garment;thing #wash N
2002144835,do #hide V
1006518068,commercial_document;thing #coupon N
1009416076,natural_object;thing #rock N
1008928193,african_country;thing #Kenya N
1007428954,geological_phenomenon;thing #earthquake N
1013125117,plant_organ;thing #root N
1004440210,decoration;thing #tinsel N
1003595614,shirt;thing #t-shirt N
2001168468,consume;do #eat V
1002355227,rodent;thing;living_thing #squirrel N
1009809925,musician;thing #arranger N
1103931044,representation;thing #picture N
1001318894,animal;thing;living_thing #pet N
1006286395,information #word N
1115169873,time_period;thing #hebdomad N
2002001858,follow;do #chase V
2002718309,be #share V
1013390040,coin;thing #dime N
1003417345,plot;thing #garden N
2000032981,frown;do #lower V
4000026137,how #someway A
1005145118,value;thing #price N
1003006398,television_station;thing #channel N
1015137890,leisure;thing #vacation N
1003540595,medical_building;thing;place;organization #hospital N
1003291819,container;thing #envelope N
2000759944,commune;do #pray V
4000098714,how #instead A
1005395690,internal_organ;thing #tummy N
1001503061,vertebrate;thing;living_thing #bird N
1003676483,makeup;thing #lipstick N
1008266235,array;thing #table N
3001990172,adj #bent J
1009215664,body_of_water;thing #bay N
1014997012,solid;thing #powder N
1015165490,hour;thing #noon N
1002055803,sphenisciform_seabird;thing;living_thing #penguin N
2001871979,move #push V
1006399995,writing;thing #paragraph N
1009347445,terrestrial_planet;thing;place #Mars N
1005555688,area;thing #waist N
1003082979,machine;thing #computer N
1004407435,place_of_worship;thing #temple N
1008256369,party;thing #social N
1009569330,roman_deity;thing #neptune N
1006778102,wit;thing #laugh N
1002909870,vessel;thing #pail N
3001050890,adj #wretched J
3002336109,adj #decent J
1002948072,lamp;thing #candle N
4000054212,how #next A
1004376400,electronic_instrument;thing #synthesizer N
2001820302,occur #enjoy V
4000049433,how #now A
1009963320,skilled_worker;thing #cook N
1013686660,british_monetary_unit;thing;currency #pound N
1005313822,protective_fold;thing #lid N
2000641252,calculate;do #take_off V
4000232862,how #out A
1013746672,quantity #11 N
1010514429,official;thing;living_thing;person #referee N
1004298171,stairway;thing #stairs N
1008957381,asian_country;thing #Lebanon N
4000087542,how #forever A
1011371254,four-minute_man;thing #walker N
1010399491,genitor;thing;living_thing;person #parent N
1015168475,hour;thing #bedtime N
1010427764,therapist;thing #physiotherapist N
2002242464,exchange;do #sell V
1013865298,solid;thing #cylinder N
1008952190,european_country;thing #Hungary N
1003001627,seat;thing;chair;object #chair N
1008765890,scandinavian_country;thing #Sweden N
1010476086,unfortunate;thing;person;living_thing #prisoner N
1009887034,expert;thing #estimator N
1003732992,ship;thing #mayflower N
1000188766,score;thing #touchdown N
1006300193,form;thing #theme N
1009359803,natural_elevation;thing;place #mountain N
1015213406,gregorian_calendar_month;thing #november N
1003706653,memory_device;thing #disc N
1004468005,public_transport;thing;vehicle #train N
3001587077,adj #nasty J
2002203362,be #have V
1003932203,part;thing #piece N
1008848731,asian_country;thing #Bangladesh N
1007695965,snack_food;thing #sandwich N
1000575741,activity;abstract_thing #work N
2001974062,move;do #lift V
1003481824,striker;thing #cock N
1003383948,cutlery;thing #fork N
1006688274,mention;abstract_thing #credit N
1010120533,horticulturist;thing;person;living_thing #gardener N
1004477387,exercise_device;thing #treadmill N
1004331639,device;thing #straightener N
1014145501,respiratory_disease;thing #cold N
1010665698,university_student;person #student N
3000125993,adj #above J
1011508382,precipitation;thing #snowfall N
1005514081,reproductive_organ;thing #private_parts N
1007806221,dish;thing;food #salad N
2001745722,put_into_print;do #publish V
1011509570,storm;thing #blizzard N
1014974264,material;thing;reading_thing;object #paper N
1003182506,road;thing #detour N
3001125429,adj;appearance #bad J
1004587648,framework;thing;object #window N
2001546111,be_upright;be #stand V
4000008600,how #solely A
3000381097,adj #red J
1008978343,south_american_country;thing #Paraguay N
1003281145,lifting_device;thing #lift N
1006396142,section;thing #chapter N
3000193799,adj #horrendous J
3001922763,adj #quiet J
1003188531,garment;thing #diapers N
1005282746,bone;thing #tooth N
2001414467,rap;do #knock V
1008750334,country;thing #Cuba N
1113694367,fractional_monetary_unit;thing #penny N
1000729108,school_assignment;thing #homework N
1003720163,representation;thing #map N
2000610167,be #forget V
4000061677,how #suddenly A
1015212167,gregorian_calendar_month;thing #july N
1010189776,wife;thing #housewife N
1009270894,place #Earth N
1002159955,arthropod;thing #insect N
1009303008,natural_elevation;thing;place #hill N
1013879320,polygon;thing #trigon N
1010638922,athlete;thing;living_thing;person #sportsman N
1000433802,sport;thing #gymnastics N
1003727837,floor_cover;thing #mat N
1007657903,cut;thing #steak N
1007635155,cake;thing #cooky N
1000306426,travel;thing #journey N
2002251743,give_money;do #pay V
1010072708,person;thing #explorer N
3002432682,adj;feelings #bored J
2002120140,itch;do #tickle V
1009722898,mexican;thing #greaser N
1003044166,jewelry;thing #clip N
1004317976,lever;thing #joystick N
2001277974,change_surface;do #fold V
1004238321,fastener;thing #zipper N
1002309337,larva;thing;living_thing #caterpillar N
1004270147,turner;thing #spatula N
1009057311,american_state;thing #Arizona N
1008820121,north_american_country;thing #Canada N
1004303497,machine;thing #stapler N
1015237250,season;thing #summer N
1002821627,room;thing;place #bedroom N
1000015388,organism;thing;living_thing #animal N
1013878634,rectangle;thing #square N
2002009433,occur #go_away V
1010104209,supervisor;thing #gaffer N
1009568051,greek_deity;thing;place #Uranus N
1009544433,spirit;thing #jinni N
1003875218,coating;thing #paint N
1002084071,canine;thing;living_thing #dog N
1004199027,footwear;thing;object #shoe N
1004536866,musical_instrument;thing #violin N
1012933403,herb;thing #celery N
1008663860,part;abstract_thing #top N
1008509111,location;thing #jungle N
1014915928,ice;thing #icicles N
1009102016,american_state;thing #Minnesota N
1015170504,time_period;thing #weekend N
1000468480,field_game;thing;games #football N
1014685768,beverage;liquid #coke N
2001708676,perform;do #dance V
1003899768,area;thing #patio N
1005685538,perplexity;thing #secret N
3001265308,adj #risible J
1001726692,diapsid;thing;living_thing #snake N
1002776631,place;thing #bakery N
1009207288,continent;thing;place #Asia N
1006043075,medical_science;thing #medicine N
1003249342,shop;thing #pharmacy N
1002503517,proboscidean;thing;living_thing #elephant N
2001100145,prize;do #win V
1004574999,machine;thing #wheel N
1004155310,drawing;thing #scribble N
1010707233,expert;thing #healer N
1002748618,salicylate;thing #aspirin N
1100070965,nonaccomplishment;thing #mistake N
2002052877,cycle;do #recycle V
1002121620,feline;thing #cat N
2002055649,travel;occur #hurry V
2000912473,utter;do #shout V
1007701244,pasta;thing #ravioli N
1003679712,room;thing #parlor N
2002627934,be #postulate V
1012655869,bramble_bush;thing;food #raspberry N
2001072949,compete;do #play V
1004524313,functional_thing #vehicle N
1006947032,west_germanic;abstract_thing #english N
1011475279,atmospheric_electricity;thing #lightning N
1003141065,car;thing;vehicle #police_car N
1004062428,armchair;thing;chair #recliner N
1008801678,european_country;thing #Italy N
1010736091,kinsman;thing;living_thing;person #uncle N
1010112591,person;living_thing #friend N
3000379595,adj #pink J
1002800497,floor;thing;place #basement N
1006508816,record;thing #file N
1103320046,device;thing #fan N
1005872742,fundamentals;thing #rudiment N
2000138508,reverse;do #turn V
1013165815,stalk;thing #trunk N
1009031653,european_country;thing #Switzerland N
1015169248,hour;thing #sunset N
1004981139,sound_property;abstract_thing #sound N
1007810907,flavorer;thing #condiment N
1008256968,organization #party N
1006252138,action #communication N
3000167278,adj #cute J
1009238926,geological_formation;thing #cave N
1002111277,dog;thing #newfoundland N
1004330340,kitchen_appliance;thing #stove N
1009874862,attendant;thing;living_thing;person #bridesmaid N
1002430045,ruminant;thing;living_thing #deer N
1004197391,garment;thing #shirt N
1007377682,noise;thing;heard #thunder N
1008189211,company;thing #circus N
1106277280,broadcasting;thing #video N
4000047392,how #too A
4000008007,how #wholly A
1006624161,text;thing #missive N
2002488834,unite;do #marry V
1003841666,organization;place #office N
2101835496,move;occur #travel V
2001926311,go;do #run V
1005064037,spatial_property;thing #shape N
3002461723,adj #false J
1007623136,dough;thing;food #pastry N
1010749715,doctor;thing #veterinary N
1000609953,occupation;thing #profession N
1003908204,writing_implement;thing #pencil N
3000380312,adj #purple J
1002834397,piece_of_cloth;thing #bib N
1003183080,instrumentality;thing #device N
4000051848,how #straight A
2001431230,touch;do #kiss V
1010285313,child;person;living_thing #boy N
2002260362,merchandise;do #trade V
1009913824,scientist;thing #chemist N
1006256697,leaf;thing #page N
1004049405,coat;thing #waterproof N
1015237044,season;thing #spring N
1010513823,person;thing #redhead N
2001532589,remove;do #clean V
1004198797,damper;thing #shock N
2000103317,discolor;occur #redden V
1008778061,african_country;thing #Ethiopia N
1007349299,calamity;thing #tsunami N
1003241335,fountain;thing #bubbler N
3001481612,adj #married J
2001028748,call;do #call V
1002236355,insect;thing #bug N
1006627006,correspondence;thing #card N
1004683814,appearance;thing #beauty N
3000115193,adj;feelings #mad J
1003699975,device;thing #machine N
1014632444,metallic_element;thing #cd N
1104401088,electronic_equipment;thing #telephone N
1004225987,board;thing #skateboard N
1010433164,person;living_thing #pilot N
1003632277,stairs;thing;object #ladder N
1006806469,signal;thing #symbol N
1007933274,beverage;liquid;thing #tea N
1003721797,artifact;thing #marker N
1007388987,sound;thing #tap N
1009044862,north_american_country;thing #USA N
3002431728,adj;feelings;appearance #tired J
3001551633,quantity #many J
1010745181,sweetheart;thing #valentine N
2001574077,rub;do #grate V
1013768440,containerful;thing #mugful N
1003724066,makeup;thing #mascara N
1010283037,deliveryman;thing;living_thing;person #mailman N
1004370048,garment;thing #sweater N
2001712704,do #do V
1010630188,articulator;thing #talker N
1013135832,fruit;thing #seed N
2001370561,hit;do #kick V
1001960459,bivalve;thing #oyster N
3002267308,adj #some J
1014627655,chemical_element;thing #AC N
1008871007,european_country;thing #England N
1014532816,hypersensitivity_reaction;thing #allergy N
1003233905,container;thing #drawers N
1004143712,effigy;thing #scarecrow N
1003416489,outbuilding;thing;place #garage N
1012177844,mallow;thing #hibiscus N
1000523513,diversion;thing #sport N
1005260380,hairdo;thing #ponytail N
1010647168,workman;thing #stamper N
1009071690,american_state;thing #Florida N
2001543123,do #sit V
3002395115,adj #tasty J
4000020759,how #never A
1000661091,medical_care;thing #therapy N
1013371958,jewel;thing;object #diamond N
1204256520,seat;thing #sofa N
1003094503,instrumentality;thing #container N
2001593937,press;do #crush V
1002858304,vessel;thing #boat N
1009540430,spiritual_being;thing;living_thing;person #fairy N
4100300247,how #possibly A
1007822197,condiment;thing;food #ketchup N
1007690273,quick_bread;thing;food #muffin N
2002569630,confront;do #undertake V
3000053691,adj #sticky J
1008647616,space;thing #seat N
1103461385,marketplace;thing #market N
1002883344,container;thing;object #box N
1009163192,asian_country;thing #Vietnam N
2002169702,perceive;be #hear V
1001201271,separation;thing #divorcement N
4000031798,how #already A
1009110422,american_state;thing #Nevada N
1009254614,landmass;thing;place #continent N
1005332802,excretory_organ;thing #kidney N
1004482393,wheeled_vehicle;thing;vehicle #tricycle N
1015237782,season;thing #winter N
3001528730,adj #gold J
1009983572,clergyman;thing #rector N
2000350104,continue;occur #resume V
1009111366,american_state;thing #New_Hampshire N
3002081114,adj #ok J
1006421685,handbook;information #manual N
1008829317,provincial_capital;thing;place #Quebec N
1003511426,bottom;thing #heel N
2001894320,budge;do #stir V
2001925338,walk;do #stomp V
1010602985,female_sibling;thing;living_thing;person #sister N
2001985923,change_posture;occur #sink V
1009829305,keeper;thing #sitter N
1009140148,american_state;thing #Tennessee N
1010219577,custodian;thing;living_thing #janitor N
1014013646,abeyance;thing #recess N
1013736799,common_fraction;thing #half N
1009059274,american_state;thing #Arkansas N
3001513050,adj #severe J
1010624074,male_offspring;thing #son N
1013664521,fractional_monetary_unit;thing #cent N
3000933154,adj #expensive J
1005999797,discipline;thing #science N
1008573472,side;thing #forepart N
1008208560,unit;thing #team N
3002399595,adj #bland J
3000309021,adj #careful J
1007625493,pastry;thing;food #pie N
1007804323,grain;thing #rice N
1007764847,edible_fruit;thing;food #avocado N
1003309808,artifact;thing #textile N
1007755411,edible_fruit;thing #melon N
1010291240,assistant;thing #model N
3000363938,adj;appearance #sunny J
1102782093,lighter-than-air_craft;thing #balloon N
1001443537,cyprinid;thing #goldfish N
1011939491,flower;thing #daisy N
2000052374,be_dress_in;be #wear V
1014857497,waste;thing #trash N
2102467662,change_integrity;do #split V
1010439851,participant;person;living_thing #player N
2000231557,develop;occur #grow V
1007926250,fruit_drink;thing #lemonade N
1009137032,american_state;thing #Rhode_Island N
1003594945,car;thing;vehicle #jeep N
1003584829,home_appliance;thing;object #iron N
1003571280,dispenser;thing #inhaler N
1010560637,person;thing;living_thing #scientist N
1002687172,warship;thing #carrier N
2000772189,persuade;do #reason V
1005563770,limb;thing #arm N
1004507155,canopy;thing #umbrella N
1009657748,sioux;place #Iowa N
1010448983,lawman;thing;living_thing;person #policeman N
1000504660,board_game;thing;games #Bingo N
1012165384,melon;thing #cucumber N
1109070793,national_capital;thing #washington N
1004134523,mold;thing #sandbox N
1008779504,european_country;thing #Finland N
1009269882,gully;thing #draw N
3101382086,adj;appearance #large J
3002040652,adj #round J
1002692232,airfield;thing #airport N
1010332385,parent;living_thing #mother N
3000077645,adj;feelings #afraid J
1001806143,peafowl;thing;living_thing #peacock N
2000260648,repair;do #fix V
2000661824,analyze;do #go_over V
4000106921,how #usually A
1015163797,rest_day;thing #sunday N
3000438707,adj #smart J
1008764107,scandinavian_country;thing #Norway N
3000428404,adj #clear J
1006367879,fiction;thing #novel N
1010757193,traveler;thing #visitor N
1700007846,organism;thing #soul N
4100232936,how #off A
1003497657,headdress;thing;object #hat N
1000464894,outdoor_game;thing;games #golf N
4000061203,how #subsequently A
1007193596,questioning;thing #question N
1002879087,flower_arrangement;thing #bouquet N
1003046257,timepiece;thing #clock N
1013385216,money;thing #lolly N
1007695012,cookie;thing;food #wafers N
1010019552,explorer;thing;living_thing;person #diver N
1002274259,lepidopterous_insect;thing;living_thing #butterfly N
3000986027,adj;appearance #fat J
1003222516,push_button;thing #doorbell N
1003800563,depository;thing #museum N
1002122948,young_mammal;thing;living_thing #kitten N
1011462526,atmospheric_phenomenon;thing #storm N
2002087745,move;do #swing V
1009068444,american_state;thing #Connecticut N
3000220956,adj;appearance #ugly J
1009426788,body_of_water;thing #sea N
2002547586,do #help V
1002129165,big_cat;thing;living_thing #lion N
1002403454,cattle;thing;living_thing #cow N
1003365592,horizontal_surface;thing #flooring N
1003928116,musical_instrument;thing #piano N
1006427387,reference_book;thing #encyclopedia N
1007776866,food;thing #seafood N
1002671780,clothing;thing #accoutrement N
4000239908,how #apiece A
3000186616,adj #awake J
1013134059,stalk;thing #bulb N
1004509592,clothing;thing #uniform N
1008929922,european_country;thing #France N
1013869327,curve;thing #twist N
1013409160,remainder;thing #balance N
1007639069,friedcake;thing;food #donut N
1003508101,device;thing #warmer N
1008890097,european_country;thing #Scotland N
2000828003,lecture;do #prophesy V
2000283911,change;do #colour_in V
1003594734,trouser;thing #jeans N
1003131574,baby_bed;functional_thing #crib N
1005598147,chemoreceptor;thing #nose N
2002016523,do #enter V
2000865387,curse;do #swear V
1002908217,implement;thing #brush N
1015166462,day;thing #evening N
1009823502,kinswoman;thing;living_thing;person #aunt N
1009252970,natural_object;thing #constellation N
1007670433,cut_of_pork;thing;food #bacon N
1009131654,american_state;thing #Oklahoma N
1002990373,upper_surface;thing #ceiling N
2002684453,continue;do #ramble V
1015213774,gregorian_calendar_month;thing #december N
1008963369,asian_country;thing #Malaysia N
1002766534,wheeled_vehicle;thing #stroller N
1003494278,musical_instrument;thing #harmonica N
1008975902,asian_country;thing #Pakistan N
1003147509,crockery;thing #cup N
1006418258,songbook;thing #hymnbook N
1014813182,soil;thing #clay N
1003490884,support;thing #hanger N
1011509066,crystal;thing #flake N
1006892775,performance;thing #concert N
1007764155,edible_fruit;thing;food #mango N
1007464725,contest;thing;place #tournament N
1009972010,relative;person;living_thing #cousin N
1009075842,american_state;thing #Georgia N
1015098161,plant_material;thing #wood N
1007575726,meal;thing;food #dinner N
1007048000,musical_composition;thing;heard #song N
3001083157,adj #full J
1000502952,board_game;thing #checkers N
1005713737,sensation;thing #smell N
1003306610,highway;thing #pike N
1011669921,angiosperm;thing #flower N
1010468559,corporate_executive;thing;living_thing;person #president N
1004372370,control;thing #switch N
1003244388,road;thing #driveway N
1006642138,information;thing #news N
1003206908,crockery;thing #dish N
1001922303,invertebrate;thing;living_thing #worm N
1009397391,lake;thing #pond N
2000884011,declare;do #promise V
1015074962,paper;thing;object #tissue N
3001581305,adj #extra J
1002139199,placental;thing #bat N
1012111238,brome;thing #chess N
1011876634,crucifer;thing #cauliflower N
1009087599,american_state;thing #Kansas N
1008240169,social_group;thing #set N
1000502822,board_game;thing #backgammon N
1009081213,american_state;thing #Idaho N
2001494310,displace;do #put V
1009940146,performer;thing #comic N
1009060768,american_state;thing #California N
1000954311,military_action;thing #defense N
1013745270,quantity #9 N
1005387544,respiratory_organ;thing #lung N
1003770679,passenger_van;thing #minivan N
1003956922,building_complex;thing #plant N
2002493030,do #visit V
1008920381,archipelago;thing;place #Japan N
1002818832,furniture;thing #bed N
1004326896,seat;thing;chair #stool N
1002850732,mixer;thing #blender N
2001863817,stop;occur #brake V
1007829412,condiment;thing #sauce N
1000090253,acquiring;thing #reception N
1004531873,garment;thing #vest N
1015213115,gregorian_calendar_month;thing #october N
2000804802,do #disagree V
1011900569,flower;thing #poppy N
1010569744,assistant;thing;living_thing;person #secretary N
2001362736,colour;do #paint V
2001090335,fight;do #fight V
1004417809,building;thing #theater N
20.@number,digit;thing #two N
2001392237,remove;do #wipe V
1005282433,set;thing #teeth N
1013149506,true_pepper;thing #pepper N
2001889610,move #shake V
1005302499,rima;thing #mouth N
3001010862,adj #first J
1008739206,central_american_country;thing #Panama N
1009264116,river;thing;place #Delaware N
2001412912,beat;do #thrash V
1011454591,geological_phenomenon;thing #flood N
1003930630,truck;thing #pickup N
3000968010,adj #curious J
1004476259,receptacle;thing #tray N
3002075321,adj #unbalanced J
2101528069,fasten;do #wedge V
1007929519,beverage;liquid;thing #coffee N
1013746785,large_integer;thing #12 N
2002124748,scent;do #smell V
1015250178,anniversary;thing #birthday N
1008731148,city;thing;place #Hong_Kong N
2001393714,wipe;do #sweep V
1004208210,hand_tool;thing #shovel N
1009148970,american_state;thing #Virginia N
1005556325,body_part;thing #hip N
4000031899,how #really A
1011501649,drop;thing #raindrop N
3001730329,adj #last J
2002702508,be #cost V
3001462324,adj #dear J
1009141526,american_state;thing #Texas N
1008853741,south_american_country;thing #Brazil N
2002210119,acquire;do #receive V
1006746005,statement;thing #response N
1013982357,conflict;thing #dissonance N
1003709206,scientific_instrument;thing #magnifier N
1015162388,time_period;thing #festival N
1010231515,sovereign;thing #king N
3002560548,adj #wide J
3002426042,adj #messy J
2000001740,occur #breathe V
2001885845,travel;occur #crawl V
1002769748,bag;thing #rucksack N
1003815615,neckwear;thing #tie N
1010080869,parent;living_thing #father N
2000594621,do #know V
1002200198,dipterous_insect;thing;living_thing #mosquito N
3000189017,adj;feelings;appearance #sleepy J
2000007012,exhale;do #blow V
3000187736,adj #asleep J
2001389776,enclose;do #tuck V
2000861929,gesticulate;do #clap V
1015165289,time_period;thing #morning N
3001555416,adj #less J
1003200701,room;thing;place #dining_room N
3000378892,adj;color #orange J
1008860123,kingdom;thing;place #United_Kingdom N
1003346455,recess;thing #hearth N
4000100681,how #early A
3002571536,adj;feelings #silly J
3001447302,adj #tight J
1009432060,expanse;thing #sheet N
1000644503,study;event #survey N
3001086545,adj #empty J
1004928903,property;abstract_thing #way N
1005559256,body_part;thing #butt N
1009108164,american_state;thing #Montana N
2001866192,turn;do #roll V
1009147046,american_state;thing #Utah N
1010768903,worker;thing #washer N
1004356056,spectacles;thing;object #sunglasses N
1203169390,artifact;thing #ornamentation N
1008209687,force;thing #police N
1012373100,fruit_tree;thing;food #papaya N
2002180898,sound;occur #ring V
1009536058,spiritual_being;thing #god N
1014645346,metallic_element;thing #quicksilver N
1013914837,polyhedron;thing #pyramid N
1005399847,liquid_body_substance;thing #blood N
2001346003,do #open V
1001460457,ovum;thing;food #egg N
3001676517,adj;appearance #wonderful J
1009036452,asian_country;thing #Thailand N
1008703454,asian_country;thing #Afghanistan N
1003294833,implement;thing #eraser N
1012141495,grass;thing;food #cereal N
1010235549,person;thing #relative N
1010004282,medical_practitioner;thing;living_thing;person #dentist N
1005573602,hinge_joint;thing #knee N
1012143676,cereal;thing #maize N
1004453156,brush;thing;object #toothbrush N
1007577374,meal;thing;food #snack N
1010472799,aristocrat;thing;living_thing;person #prince N
1011458314,aerosol;thing #fog N
1002785365,strip;thing #band N
1010601840,sea_nymph;thing #siren N
2000452512,change;do #fill V
3001269073,adj;feelings #hungry J
1009877370,girl_scout;thing #brownie N
1015262921,abstract_thing #today N
1004554523,bath_linen;thing #washcloth N
1013089631,aculeus;thing #thorn N
2001445932,hurt;do;cause_death #bite V
1008412136,preschool;thing #kindergarten N
1014966667,lipid;thing #oil N
2000829107,instruct;do #teach V
1003724870,covering;thing #mask N
1007928790,cola;thing #Pepsi N
1003157348,percussion_instrument;thing #cymbal N
1004317175,medical_instrument;thing #stethoscope N
1004508949,undergarment;thing #underwear N
2001976089,take;do #pick_up V
1003160309,barrier;thing;place #dam N
1002808440,vessel;thing #tub N
1004323819,hosiery;thing #stocking N
2000805376,do #agree V
1009838895,hairdresser;thing;person;living_thing #barber N
1003544360,dwelling;thing #house N
3001369663,adj #just J
1010713502,supporter;thing #toaster N
1005481095,neural_structure;thing #brain N
1002701002,car;thing;vehicle #ambulance N
1010141590,offspring;thing;living_thing;person #grandchild N
2001860795,do #stop V
2000689344,be #think V
1013134947,reproductive_structure;thing;food #fruit N
1002732072,vivarium;thing #aquarium N
1015249799,day;thing #anniversary N
1004118021,floor_cover;thing #rug N
1003322099,place;thing #farm N
1015234764,time_unit;thing #minute N
1113737480,common_fraction;thing #quartern N
1014481080,state_of_matter;thing #gas N
1009119277,city;thing;place #New_York N
3001889256,adj #proud J
1007885223,helping;thing #drink N
3001053634,adj #smelly J
3001705088,adj #barefaced J
3001508719,adj #mild J
1005305806,external_body_part;thing #lips N
1001794158,domestic_fowl;thing;living_thing #turkey N
1007186148,request;thing #invitation N
1015138691,vacation;thing;place #picnic N
1005547508,tubular_cavity;thing #throat N
1001986806,decapod_crustacean;thing;living_thing;food #shrimp N
1000174412,maneuver;thing #step N
1105566504,digit;thing #finger N
1001697178,crocodilian_reptile;thing;living_thing #crocodile N
1004424418,entity;thing #thing N
3001053144,adj #stinky J
2001731031,do #sing V
1009603258,fictional_character;thing #pluto N
1007848338,dairy_product;thing;food #butter N
1010345100,woman;thing;living_thing;person #nanny N
1008008017,collection;thing #parcel N
1004576002,chair;thing #wheelchair N
1008238463,gathering;thing #grade N
1007691650,bun;thing #croissant N
1107597365,sweet;thing #confect N
1006865345,musical_notation;thing #tone N
1008949093,european_country;thing #Netherlands N
1009827683,child;thing;living_thing #baby N
2001101913,get_the_better_of;do #vanquish V
1012607456,herb;thing;food #pineapple N
1008847268,country;thing #Bahamas N
1006416206,book;thing #catalogue N
1013649791,linear_unit;thing #inch N
2002077656,carry;do #bring V
1007758680,edible_fruit;thing;food #grapes N
1002512053,aquatic_vertebrate;thing;living_thing #fish N
1014915184,crystal;thing #ice N
2002066510,move;occur #flux V
3101391351,adj #little J
2002035919,change_shape;occur #flex V
1013749644,large_integer;thing #50 N
3001640850,adj #new J
2001552519,divide;do #cut V
1109917593,juvenile;thing #youngster N
30.@number,digit;thing #unity N
2000915830,speak;do;heard #whisper V
1008962187,african_country;thing #Madagascar N
1010037385,drinker;thing #sot N
1009411430,stream;thing;place #river N
1002937469,block;thing #cake N
3000632438,adj #wrong J
1010488865,scientist;thing;living_thing;person #psychologist N
1009403427,bow;thing #rainbow N
1010474645,educator;thing;living_thing;person #principal N
1004584207,hairpiece;thing #wig N
1011485367,light;thing #sunshine N
1002131653,carnivore;thing;living_thing #bear N
1008946187,african_country;thing #Ghana N
1009930876,comedian;thing;living_thing #clown N
1010020890,medical_practitioner;thing;living_thing;person #doctor N
1003089348,artifact;thing;object #cone N
2001170052,consume;do #drink V
4000323908,how #west A
1009321901,river;thing;place #Jordan N
1009923418,commoner;thing #nonentity N
1010475297,skilled_worker;thing #printer N
2001449974,move;do #carry V
1004502197,sweater;thing #turtleneck N
3001932973,adj #real J
1007607707,candy;thing #lozenge N
2000378664,cause;do #fire V
1100467995,field_game;thing;games #field_hockey N
1005584928,gliding_joint;thing #wrist N
3002396720,adj #yummy J
1007302836,happening;thing #fire N
1000504209,board_game;thing;games #darts N
1009109444,american_state;thing #Nebraska N
1004254777,hosiery;thing #socks N
3000218950,adj #well-favoured J
4000095320,how #downwards A
1010014939,administrator;thing;living_thing #manager N
2002310007,give_back;do #return V
3002359789,adj;appearance #amazing J
2000067545,excrete;occur #sweat V
2001698271,create_verbally;do #indite V
1010193967,spouse;thing;living_thing;person #husband N
1000482298,court_game;thing;games #tennis N
1004517823,home_appliance;thing #vacuum_cleaner N
2000070816,afflict;be #pain V
1003862676,kitchen_appliance;thing #oven N
1004524594,fabric;thing #velcro N
1013747348,quantity #14 N
1007886849,brew;thing #beer N
1009130076,american_state;thing #Ohio N
2000907147,do #complain V
2000941990,communicate;do;heard #speak V
1001036333,ritual;thing #communion N
2001492725,injure;do #bruise V
3002269286,quantity #all J
1108438533,vegetation;thing;place #woods N
1009114696,american_state;thing #New_Mexico N
3000934199,adj #inexpensive J
2000625119,see;do #read V
1010143172,forebear;thing;living_thing;person #grandparents N
1003176594,toiletry;thing #deodorant N
2001817938,encourage;do #recreate V
1004347754,submersible;thing #u-boat N
1009089139,american_state;thing #Kentucky N
1009896685,woodworker;thing;living_thing;person #carpenter N
1007923297,drink;thing #shake N
2001771535,feel;be #feel V
1003748162,place_of_business;thing #outlet N
1102806530,vessel;thing #bath N
3000305225,adj #windy J
1007020895,auditory_communication;thing;heard #music N
2000683280,accept;be #believe V
1004231272,cloth_covering;thing #skirt N
1006431740,information #word N
1007923748,foodstuff;thing #juice N
2000948071,determine;do #numerate V
1004081281,restaurant;thing;place;organization #restaurant N
1008753933,country;thing #Jamaica N
1008845555,european_country;thing #Austria N
1010055297,occultist;thing;living_thing;person #witch N
1009159003,american_state;thing #Wyoming N
2001825237,desire;be #want V
1003814906,jewelry;thing #necklace N
1102815071,jewelry;thing #bead N
1004253437,cleansing_agent;thing;object #soap N
1008740875,place #Mexico N
2002129289,perceive;be #see V
1002773838,baggage;thing #suitcase N
1011467018,cyclone;thing #hurricane N
1004137444,equipment;thing #satellite N
3000419289,adj;appearance #dirty J
1014322699,symptom;thing #pain N
1006122178,earth_science;thing #geography N
1000470966,football;thing #rugby N
1004149374,wheeled_vehicle;thing #scooter N
3002398378,adj #spicy J
2000325328,cook;do #fry V
1007296428,happening;thing #modification N
1015210870,gregorian_calendar_month;thing #march N
4000063172,how #instead A
1008505573,tract;thing;place #desert N
3001372049,adj #kind J
1014849880,abrasive;thing #sandpaper N
3001698231,adj #white J
2002240481,strive_for;do #seek V
1013916721,regular_polyhedron;thing #cube N
4100070166,how #softly A
1009874618,newlywed;thing;living_thing #bride N
1007849336,dairy_product;thing #yogurt N
1002854739,underpants;thing #pants N
4000037226,how #truly A
1003251766,appliance;thing #dryer N
1015164105,weekday;thing #tuesday N
1005257593,hairdo;thing #haircut N
1009034550,african_country;thing #Tanzania N
1004205318,trouser;thing #shorts N
3001646941,adj #young J
1208054076,medical_institution;thing #clinic N
1006518719,commercial_document;thing #ticket N
1003984381,structure;thing;place #porch N
1009099526,american_state;thing #Michigan N
1015167027,time_period;thing #night N
1004546855,partition;thing #wall N
1006402031,writing;thing #journal N
1003459591,framework;thing #grill N
2002325968,buy;do #shop V
1004440749,hoop;thing #tyre N
2002169891,hear;do #listen V
1013136556,seed;thing;food #nuts N
1002695079,book;thing #album N
1002962545,paper;thing #card N
1103790512,motor_vehicle;thing #motorcycle N
4000068368,how #on A
1103219135,plaything;thing #dolly N
2002424652,do #suppress V
1008982587,european_country;thing #Poland N
1015236859,season;thing #fall N
1003372029,woodwind;thing #flute N
1004143897,garment;thing #scarf N
1009322454,jovian_planet;thing;place #Jupiter N
2001482449,stow;do #pack V
2001289492,tie;do #strap V
1002342885,rodent;thing;living_thing #hamster N
2200913065,bawl;do #yell V
1004451818,implement;thing #tool N
1010426749,artist;thing;living_thing;person #photographer N
1009770179,military_officer;thing #aide N
3002234781,adj #slippery J
1015212455,gregorian_calendar_month;thing #august N
1011978233,flower;thing #sunflower N
1013740168,relative_quantity;thing;quantity #nothing N
1007417405,crisis;thing #emergency N
3000336831,adj #sure J
1013386614,currency;thing #cash N
1007641699,cake;thing #waffle N
1001322604,pup;thing;living_thing #puppy N
1010078806,creator;thing;living_thing;person #farmer N
3002251212,adj;feelings #lonely J
1009189411,continent;thing;place #Africa N
3000875962,adj #foggy J
1006277803,visual_communication;thing #video N
1012638218,fruit_tree;thing #plum N
1009090825,american_state;thing #Louisiana N
1011482312,electromagnetic_radiation;thing #microwave N
1008615149,place #park N
1003249569,musical_instrument;thing #drum N
1009147964,american_state;thing #Vermont N
1004025350,figure;thing #puppet N
1007739125,edible_fruit;thing;food #apple N
1013278375,money #payment N
2002248465,occur #happen V
3002057829,adj;appearance #safe J
2002090990,glide;do #slide V
1006418901,wordbook;thing #lexicon N
1002898711,structure;thing #span N
2001041415,do #wave V
1008897065,african_country;thing #Egypt N
3001625893,adj;appearance #yucky J
3001343918,adj #interesting J
1008465558,artistic_movement;thing #vanguard N
1013747469,quantity #15 N
2001206218,come_in_contact;do #touch V
1008959683,african_country;thing #Libya N
2002550868,rescue;do #salve V
1004421872,measuring_instrument;thing #thermometer N
1008780881,balkan_country;thing #Greece N
1015287830,time_interval;thing #round N
1004490091,motor_vehicle;thing #truck N
1010499355,female_aristocrat;person;living_thing #queen N
1004465501,self-propelled_vehicle;thing #tractor N
1006536853,legal_document;thing #measure N
4000035058,how #oftentimes A
1009356080,river;thing;place #Mississippi N
3001136248,adj #ill-tempered J
1013884930,parallelepiped;thing #cuboid N
1001816887,bird;thing;living_thing #parrot N
2001315613,do #search V
1003929443,hand_tool;thing #pick N
3001586342,adj;appearance #nice J
2000181664,change;do #unclutter V
1102849154,blanket;functional_thing #cover N
1005579944,hinge_joint;thing #elbow N
4000060939,how #before A
2001675963,change;do #ornament V
1306619428,show;thing #programme N
1014299070,injury;thing #wrench N
1003665366,source_of_illumination;thing #light N
1007823460,condiment;thing #salsa N
1004021028,sweater;thing #pullover N
1008711974,south_american_country;thing #Argentina N
3000503321,adj #loose J
1010622053,enlisted_person;thing;living_thing #soldier N
1005313535,hair;thing #eyebrow N
1003636248,source_of_illumination;thing #lamp N
1007382572,sound;thing #cry N
4000096333,how #upwards A
1008823968,canadian_province;thing;place #Manitoba N
1010689564,garmentmaker;thing;living_thing;person #tailor N
1009913455,leader;thing;living_thing;person #cheerleader N
1006595351,press;thing #magazine N
2001775164,enjoy;be;feelings #love V
1002774630,case;thing #luggage N
1003595860,airplane;thing #jet N
1015164570,weekday;thing #saturday N
1010659294,quarryman;thing #cutter N
1006415419,book;thing #notebook N
2001158872,do #use V
1002942699,photographic_equipment;thing #camera N
1007640203,cake;thing;food #pancake N
2000674607,choose;do #choose V
1009160295,south_american_country;thing #Uruguay N
1015166191,day;thing #afternoon N
1001846331,anseriform_bird;thing;living_thing;food #duck N
1011832214,vegetable;thing #beet N
1002784732,adornment;thing #stripe N
1004131208,shop;thing #salon N
1008732116,south_american_country;thing #colombia N
4000085811,how #speedily A
1009134386,american_state;thing #Pennsylvania N
1014541852,danger;thing #risk N
1003938244,cushion;thing #pillow N
1009843716,attendant;thing #batman N
2001774136,dislike;be #hate V
1009387222,line;thing #track N
1009217230,geological_formation;thing;place #beach N
1008815858,european_country;thing #Croatia N
1013650447,linear_unit;thing #yard N
1003670208,car;thing;vehicle #limo N
1001982650,decapod_crustacean;thing;living_thing;food #lobster N
1011517494,pressure;thing #suction N
1015155220,period;time #day N
1007301336,mishap;thing #accident N
1001791625,domestic_fowl;thing;living_thing;food #chicken N
2101009240,define;do #say V
2001201856,eat;do #swallow V
1009161803,south_american_country;thing #Venezuela N
1003513137,headdress;thing;object #helmet N
1010366966,health_professional;thing;living_thing;person #nurse N
2001960911,move;do #swim V
1009540739,fairy;thing;living_thing;person #elf N
1010001764,leader;person;living_thing #superman N
3000244503,adj #brunet J
1003427296,movable_barrier;thing #gate N
1010091651,defender;thing;living_thing;person #fireman N
1014410605,difficulty;abstract_thing #problem N
1003959485,flatware;thing;utensil #plate N
2002649830,dwell;be #live V
1002913152,structure;thing #edifice N
1007844042,dairy_product;thing;liquid #milk N
1009003284,country;thing #Russia N
1004010205,walk;thing #promenade N
1002935658,restaurant;thing #coffee_shop N
1004133789,shoe;thing;object #sandals N
1009023321,european_country;thing #Spain N
2000597915,acquire;do #learn V
1005546540,external_body_part;thing #neck N
2000394813,change_integrity;occur #mix V
1008654360,place #state N
1015164233,weekday;thing #wednesday N
2002550296,give_care;do #care V
1010142391,grandparent;thing;living_thing #grandpa N
1008907606,country;thing #Indonesia N
1004388162,plug;thing #tampon N
1012352287,herb;thing;food #banana N
1015155891,time #tomorrow N
1005110772,increase;thing #supplement N
00.@1,pronoun;living_thing #I N
00.@2,pronoun;living_thing #you N
00.@3.@male,pronoun;living_thing #he N
00.@3.@female,pronoun;living_thing #she N
00.@3.@neuter,pronoun #it N
00.@distal,pronoun #that N
00.@proximal,pronoun #this N
